Gene	ENS	cDNA	Protein	Tier	Evidence source	Approved FDA	Approved FDA for others	NCCN drug	NCCN response	NCCN condition	NCCN panel	Investigational Drug	Preclinical evidence	Preclinical evidence for others	Available clinical trials	Submitted tissue	Allele Count
BRAF	ENST00000288602	c.1799_1800delTGinsAA	p.V600E	I	NCCN			Cetuximab;panitumumab;vemurafenib	resistance		The panel believes that evidence increasingly suggests that BRAF V600E mutation makes response to panitumumab or cetuximab, as single agents or in combination with cytotoxic chemotherapy, highly unlikely, unless given with a BRAF inhibitor					colon	0
BRAF	ENST00000288602	c.1799delinsAA	p.V600Efs*12	I	NCCN			Cetuximab;panitumumab;vemurafenib	resistance		The panel believes that evidence increasingly suggests that BRAF V600E mutation makes response to panitumumab or cetuximab, as single agents or in combination with cytotoxic chemotherapy, highly unlikely, unless given with a BRAF inhibitor					colon	0
BRAF	ENST00000288602	c.2191C>T	p.P731S	II	OncoKB									PLX8394:All Solid Tumors		colon	0
BRAF	ENST00000288602	c.1099C>T	p.P367S	II	OncoKB									PLX8394:All Solid Tumors		colon	0
BRAF	ENST00000288602	c.1742A>G	p.N581S	II	OncoKB									PLX8394:All Solid Tumors		colon	0
BRAF	ENST00000288602	c.1742A>C	p.N581T	II	OncoKB									PLX8394:All Solid Tumors		colon	0
BRAF	ENST00000288602	c.1780G>A	p.D594N	II	OncoKB									PLX8394:All Solid Tumors		colon	0
BRAF	ENST00000288602	c.1780G>C	p.D594H	II	OncoKB									PLX8394:All Solid Tumors		colon	0
BRAF	ENST00000288602	c.1091C>T	p.S364L	II	OncoKB									PLX8394:All Solid Tumors		colon	0
BRAF	ENST00000288602	c.683A>T	p.E228V	II	OncoKB									PLX8394:All Solid Tumors		colon	0
BRAF	ENST00000288602	c.1847C>T	p.S616F	II	OncoKB									PLX8394:All Solid Tumors		colon	0
BRAF	ENST00000288602	c.1790T>A	p.L597Q	II	OncoKB									PLX8394:All Solid Tumors		colon	0
BRAF	ENST00000288602	c.1616A>C	p.H539P	II	OncoKB									PLX8394:All Solid Tumors		colon	0
BRAF	ENST00000288602	c.1406G>T	p.G469V	II	OncoKB									PLX8394:All Solid Tumors		colon	0
BRAF	ENST00000288602	c.1906C>G	p.Q636E	II	OncoKB									PLX8394:All Solid Tumors		colon	0
BRAF	ENST00000288602	c.2093A>G	p.K698R	II	OncoKB									PLX8394:All Solid Tumors		colon	0
BRAF	ENST00000288602	c.1781A>G	p.D594G	II	OncoKB									PLX8394:All Solid Tumors		colon	0
BRAF	ENST00000288602	c.1915G>A	p.V639I	II	OncoKB									PLX8394:All Solid Tumors		colon	0
BRAF	ENST00000288602	c.1787G>A	p.G596D	II	OncoKB									PLX8394:All Solid Tumors		colon	0
BRAF	ENST00000288602	c.1094C>T	p.S365L	II	OncoKB									PLX8394:All Solid Tumors		colon	0
BRAF	ENST00000288602	c.1400C>T	p.S467L	II	OncoKB									PLX8394:All Solid Tumors		colon	0
BRAF	ENST00000288602	c.1624C>T	p.H542Y	II	OncoKB									PLX8394:All Solid Tumors		colon	0
BRAF	ENST00000288602	c.1397G>A	p.G466E	II	OncoKB									PLX8394:All Solid Tumors		colon	0
BRAF	ENST00000288602	c.1682C>A	p.A561E	II	OncoKB									PLX8394:All Solid Tumors		colon	0
BRAF	ENST00000288602	c.1405G>C	p.G469R	II	OncoKB									PLX8394:All Solid Tumors		colon	0
BRAF	ENST00000288602	c.1405G>A	p.G469R	II	OncoKB									PLX8394:All Solid Tumors		colon	0
BRAF	ENST00000288602	c.1391G>T	p.G464V	II	OncoKB									PLX8394:All Solid Tumors		colon	0
BRAF	ENST00000288602	c.267A>G	p.L89=	III												colon	0
BRAF	ENST00000288602	c.925G>T	p.E309*	III												colon	0
BRAF	ENST00000288602	c.2032C>A	p.L678I	III												colon	0
BRAF	ENST00000288602	c.735A>C	p.L245F	III												colon	0
BRAF	ENST00000288602	c.1610T>C	p.L537S	III												colon	0
BRAF	ENST00000288602	c.1454T>A	p.L485*	III												colon	0
BRAF	ENST00000288602	c.1040G>A	p.R347Q	III												colon	0
BRAF	ENST00000288602	c.*61T>C	*21*	III												colon	0
BRAF	ENST00000288602	c.882C>A	p.F294L	III												colon	0
BRAF	ENST00000288602	c.462dup	p.P155Tfs*4	III												colon	0
BRAF	ENST00000288602	c.2020C>T	p.L674=	III												colon	0
BRAF	ENST00000288602	c.1491C>A	p.A497=	III												colon	0
BRAF	ENST00000288602	c.1780G>T	p.D594Y	III												colon	0
BRAF	ENST00000288602	c.*106del	*36*	III												colon	0
BRAF	ENST00000288602	c.1189G>A	p.G397S	III												colon	0
BRAF	ENST00000288602	c.1789C>G	p.L597V	III												colon	0
BRAF	ENST00000288602	c.1514T>A	p.L505H	III												colon	0
BRAF	ENST00000288602	c.1549A>G	p.M517V	III												colon	0
BRAF	ENST00000288602	c.981-56T>A	*327*	III												colon	0
BRAF	ENST00000288602	c.1275A>G	p.E425=	III												colon	0
BRAF	ENST00000288602	c.158T>C	p.M53T	III												colon	0
BRAF	ENST00000288602	c.1910N>G	p.S637*	III												colon	0
BRAF	ENST00000288602	c.1811G>T	p.W604L	III												colon	0
BRAF	ENST00000288602	c.1518-1G>T	p.X506_splice	III												colon	0
BRAF	ENST00000288602	c.585T>G	p.C195W	III												colon	0
BRAF	ENST00000288602	c.712-2A>T	p.X238_splice	III												colon	0
BRAF	ENST00000288602	c.1993-11delT	*665*	III												colon	0
BRAF	ENST00000288602	c.856C>G	p.L286V	III												colon	0
BRAF	ENST00000288602	c.1798G>A	p.V600M	III												colon	0
BRAF	ENST00000288602	c.1706C>A	p.A569D	III												colon	0
BRAF	ENST00000288602	c.1860+2T>C	p.X620_splice	III												colon	0
BRAF	ENST00000288602	c.1798_1799delGTinsAG	p.V600R	III												colon	0
BRAF	ENST00000288602	c.*88A>G	*30*	III												colon	0
BRAF	ENST00000288602	c.1303A>C	p.R435=	III												colon	0
BRAF	ENST00000288602	c.*39dup	*13*	III												colon	0
BRAF	ENST00000288602	c.1650G>A	p.M550I	III												colon	0
BRAF	ENST00000288602	c.468C>T	p.I156=	III												colon	0
BRAF	ENST00000288602	c.190C>A	p.L64I	III												colon	0
BRAF	ENST00000288602	c.1517+2T>A	p.X506_splice	III												colon	0
BRAF	ENST00000288602	c.1314G>T	p.M438I	III												colon	0
BRAF	ENST00000288602	c.1282T>A	p.S428T	III												colon	0
BRAF	ENST00000288602	c.2203C>T	p.R735W	III												colon	0
BRAF	ENST00000288602	c.1181C>G	p.S394*	III												colon	0
BRAF	ENST00000288602	c.2176C>T	p.R726C	III												colon	0
BRAF	ENST00000288602	c.2122C>T	p.P708S	III												colon	0
BRAF	ENST00000288602	c.1040G>T	p.R347L	III												colon	0
BRAF	ENST00000288602	c.2173C>T	p.H725Y	III												colon	0
BRAF	ENST00000288602	c.1345G>A	p.D449N	III												colon	0
BRAF	ENST00000288602	c.1518-106dup	*506*	III												colon	0
BRAF	ENST00000288602	c.2201A>G	p.N734S	III												colon	0
BRAF	ENST00000288602	c.1162T>C	p.F388L	III												colon	0
BRAF	ENST00000288602	c.1885G>T	p.D629Y	III												colon	0
BRAF	ENST00000288602	c.1807C>T	p.R603*	III												colon	0
BRAF	ENST00000288602	c.741T>G	p.F247L	III												colon	0
BRAF	ENST00000288602	c.1256C>A	p.S419Y	III												colon	0
BRAF	ENST00000288602	c.1153G>A	p.D385N	III												colon	0
BRAF	ENST00000288602	c.1042C>A	p.P348T	III												colon	0
BRAF	ENST00000288602	c.1722C>A	p.H574Q	III												colon	0
BRAF	ENST00000288602	c.1202C>T	p.T401I	III												colon	0
BRAF	ENST00000288602	c.2056C>T	p.P686S	III												colon	0
BRAF	ENST00000288602	c.1799T>G	p.V600G	III												colon	0
BRAF	ENST00000288602	c.2128-5dup	p.X710_splice	III												colon	0
BRAF	ENST00000288602	c.2240C>A	p.A747D	III												colon	0
BRAF	ENST00000288602	c.1620T>G	p.H540Q	III												colon	0
BRAF	ENST00000288602	c.1208dup	p.A404Cfs*9	III												colon	0
BRAF	ENST00000288602	c.981-2A>G	p.X327_splice	III												colon	0
BRAF	ENST00000288602	c.1790T>C	p.L597P	III												colon	0
BRAF	ENST00000288602	c.1687G>T	p.G563C	III												colon	0
BRAF	ENST00000288602	c.1385G>C	p.R462T	III												colon	0
BRAF	ENST00000288602	c.1986G>T	p.R662S	III												colon	0
BRAF	ENST00000288602	c.1702C>G	p.H568D	III												colon	0
BRAF	ENST00000288602	c.1177G>T	p.G393*	III												colon	0
BRAF	ENST00000288602	c.952C>T	p.P318S	III												colon	0
BRAF	ENST00000288602	c.284G>C	p.R95T	III												colon	0
BRAF	ENST00000288602	c.2012G>T	p.R671L	III												colon	0
BRAF	ENST00000288602	c.*95T>G	*32*	III												colon	0
BRAF	ENST00000288602	c.1942G>C	p.E648Q	III												colon	0
BRAF	ENST00000288602	c.1157A>T	p.Q386L	III												colon	0
BRAF	ENST00000288602	c.1297G>A	p.E433K	III												colon	0
BRAF	ENST00000288602	c.102G>A	p.A34=	III												colon	0
BRAF	ENST00000288602	c.1010C>G	p.S337*	III												colon	0
BRAF	ENST00000288602	c.1123G>T	p.E375*	III												colon	0
BRAF	ENST00000288602	c.144G>A	p.W48*	III												colon	0
BRAF	ENST00000288602	c.2083G>C	p.E695Q	III												colon	0
BRAF	ENST00000288602	c.2083G>A	p.E695K	III												colon	0
BRAF	ENST00000288602	c.1035C>T	p.P345=	III												colon	0
BRAF	ENST00000288602	c.1461G>A	p.V487=	III												colon	0
BRAF	ENST00000288602	c.239A>G	p.E80G	III												colon	0
BRAF	ENST00000288602	c.1906C>T	p.Q636*	III												colon	0
BRAF	ENST00000288602	c.1697A>G	p.Y566C	III												colon	0
BRAF	ENST00000288602	c.462del	p.K154Nfs*28	III												colon	0
BRAF	ENST00000288602	c.1446G>A	p.V482=	III												colon	0
BRAF	ENST00000288602	c.1999T>G	p.F667V	III												colon	0
BRAF	ENST00000288602	c.1138G>C	p.D380H	III												colon	0
BRAF	ENST00000288602	c.138+3G>C	p.X46_splice	III												colon	0
BRAF	ENST00000288602	c.2175C>T	p.H725=	III												colon	0
BRAF	ENST00000288602	c.1541T>C	p.L514P	III												colon	0
BRAF	ENST00000288602	c.2285C>A	p.A762E	III												colon	0
BRAF	ENST00000288602	c.1861-2A>T	p.X621_splice	III												colon	0
BRAF	ENST00000288602	c.1861-2A>G	p.X621_splice	III												colon	0
BRAF	ENST00000288602	c.1847C>A	p.S616Y	III												colon	0
BRAF	ENST00000288602	c.980+2T>C	p.X327_splice	III												colon	0
BRAF	ENST00000288602	c.1455G>T	p.L485F	III												colon	0
BRAF	ENST00000288602	c.2124C>T	p.P708=	III												colon	0
BRAF	ENST00000288602	c.469G>A	p.V157I	III												colon	0
BRAF	ENST00000288602	c.2199G>C	p.L733F	III												colon	0
BRAF	ENST00000288602	c.980+115C>T	*327*	III												colon	0
BRAF	ENST00000288602	c.816T>C	p.C272=	III												colon	0
BRAF	ENST00000288602	c.179A>G	p.H60R	III												colon	0
BRAF	ENST00000288602	c.1805C>A	p.S602Y	III												colon	0
BRAF	ENST00000288602	c.1802A>C	p.K601T	III												colon	0
BRAF	ENST00000288602	c.239_240delinsGT	p.E80G	III												colon	0
BRAF	ENST00000288602	c.512C>A	p.A171E	III												colon	0
BRAF	ENST00000288602	c.1497A>T	p.K499N	III												colon	0
BRAF	ENST00000288602	c.1352A>G	p.E451G	III												colon	0
BRAF	ENST00000288602	c.504+86C>T	*168*	III												colon	0
BRAF	ENST00000288602	c.1720C>A	p.H574N	III												colon	0
BRAF	ENST00000288602	c.1720C>T	p.H574Y	III												colon	0
BRAF	ENST00000288602	c.991C>T	p.L331F	III												colon	0
BRAF	ENST00000288602	c.1262G>T	p.G421V	III												colon	0
BRAF	ENST00000288602	c.1798_1799delGTinsAA	p.V600K	III												colon	0
BRAF	ENST00000288602	c.1459_1461delinsTCA	p.V487S	III												colon	0
BRAF	ENST00000288602	c.957C>G	p.S319=	III												colon	0
BRAF	ENST00000288602	c.386C>T	p.S129L	III												colon	0
BRAF	ENST00000288602	c.1207_1208del	p.P403Cfs*9	III												colon	0
BRAF	ENST00000288602	c.811C>T	p.R271C	III												colon	0
BRAF	ENST00000288602	c.953C>T	p.P318L	III												colon	0
BRAF	ENST00000288602	c.771G>T	p.Q257H	III												colon	0
BRAF	ENST00000288602	c.1038C>G	p.F346L	III												colon	0
BRAF	ENST00000288602	c.1553G>A	p.G518D	III												colon	0
BRAF	ENST00000288602	c.1283C>A	p.S428*	III												colon	0
BRAF	ENST00000288602	c.1903T>A	p.F635I	III												colon	0
BRAF	ENST00000288602	c.6G>A	p.A2=	III												colon	0
BRAF	ENST00000288602	c.1457_1471delATGTGACAGCACCTA	p.N486_P490del	III												colon	0
BRAF	ENST00000288602	c.1235A>G	p.N412S	III												colon	0
BRAF	ENST00000288602	c.1405_1406delinsTT	p.G469L	III												colon	0
BRAF	ENST00000288602	c.712-1G>T	p.X238_splice	III												colon	0
BRAF	ENST00000288602	c.280C>G	p.Q94E	III												colon	0
BRAF	ENST00000288602	c.1786G>C	p.G596R	III												colon	0
BRAF	ENST00000288602	c.1724G>A	p.R575K	III												colon	0
BRAF	ENST00000288602	c.393A>G	p.L131=	III												colon	0
BRAF	ENST00000288602	c.1825C>G	p.Q609E	III												colon	0
BRAF	ENST00000288602	c.1817G>T	p.G606V	III												colon	0
BRAF	ENST00000288602	c.629G>T	p.W210L	III												colon	0
BRAF	ENST00000288602	c.1405G>T	p.G469*	III												colon	0
BRAF	ENST00000288602	c.751T>C	p.C251R	III												colon	0
BRAF	ENST00000288602	c.1208dupC	p.A404Cfs*9	III												colon	0
BRAF	ENST00000288602	c.415C>A	p.Q139K	III												colon	0
BRAF	ENST00000288602	c.980+114C>T	*327*	III												colon	0
BRAF	ENST00000288602	c.1140+169C>T	*380*	III												colon	0
BRAF	ENST00000288602	c.*108G>A	*36*	III												colon	0
BRAF	ENST00000288602	c.240G>T	p.E80D	III												colon	0
BRAF	ENST00000288602	c.2153C>T	p.A718V	III												colon	0
BRAF	ENST00000288602	c.934C>A	p.L312I	III												colon	0
BRAF	ENST00000288602	c.1433-2A>T	p.X478_splice	III												colon	0
BRAF	ENST00000288602	c.1338G>C	p.S446=	III												colon	0
BRAF	ENST00000288602	c.211del	p.E71Sfs*19	III												colon	0
BRAF	ENST00000288602	c.1407A>T	p.G469=	III												colon	0
BRAF	ENST00000288602	c.582C>A	p.C194*	III												colon	0
BRAF	ENST00000288602	c.1840T>C	p.S614P	III												colon	0
BRAF	ENST00000288602	c.350T>C	p.M117T	III												colon	0
BRAF	ENST00000288602	c.1993-1G>T	p.X665_splice	III												colon	0
BRAF	ENST00000288602	c.1993-1G>C	p.X665_splice	III												colon	0
BRAF	ENST00000288602	c.1315-2A>T	p.X439_splice	III												colon	0
BRAF	ENST00000288602	c.1396G>T	p.G466*	III												colon	0
BRAF	ENST00000288602	c.1349G>T	p.W450L	III												colon	0
BRAF	ENST00000288602	c.1314+2T>G	p.X438_splice	III												colon	0
BRAF	ENST00000288602	c.1789_1790delinsTC	p.L597S	III												colon	0
BRAF	ENST00000288602	c.1137_1140del	p.I379Mfs*3	III												colon	0
BRAF	ENST00000288602	c.1992+1881G>A	*664*	III												colon	0
BRAF	ENST00000288602	c.2251C>G	p.P751A	III												colon	0
BRAF	ENST00000288602	c.2041G>A	p.V681I	III												colon	0
BRAF	ENST00000288602	c.1411G>T	p.V471F	III												colon	0
BRAF	ENST00000288602	c.1411G>A	p.V471I	III												colon	0
BRAF	ENST00000288602	c.1546T>C	p.F516L	III												colon	0
BRAF	ENST00000288602	c.678G>C	p.V226=	III												colon	0
BRAF	ENST00000288602	c.1208delC	p.P403Lfs*8	III												colon	0
BRAF	ENST00000288602	c.703C>T	p.H235Y	III												colon	0
BRAF	ENST00000288602	c.1060C>T	p.R354*	III												colon	0
BRAF	ENST00000288602	c.1267C>T	p.Q423*	III												colon	0
BRAF	ENST00000288602	c.1877G>T	p.R626I	III												colon	0
BRAF	ENST00000288602	c.653C>G	p.T218S	III												colon	0
BRAF	ENST00000288602	c.1467A>G	p.A489=	III												colon	0
BRAF	ENST00000288602	c.1405_1406delinsTC	p.G469S	III												colon	0
BRAF	ENST00000288602	c.1691T>C	p.M564T	III												colon	0
BRAF	ENST00000288602	c.1454T>C	p.L485S	III												colon	0
BRAF	ENST00000288602	c.1454T>G	p.L485W	III												colon	0
BRAF	ENST00000288602	c.1629C>T	p.I543=	III												colon	0
BRAF	ENST00000288602	c.860+2T>C	p.X287_splice	III												colon	0
BRAF	ENST00000288602	c.1566G>A	p.K522=	III												colon	0
BRAF	ENST00000288602	c.1315-71T>C	*439*	III												colon	0
BRAF	ENST00000288602	c.1593G>T	p.W531C	III												colon	0
BRAF	ENST00000288602	c.477C>G	p.V159=	III												colon	0
BRAF	ENST00000288602	c.1742-1G>A	p.X581_splice	III												colon	0
BRAF	ENST00000288602	c.246T>C	p.Y82=	III												colon	0
BRAF	ENST00000288602	c.1796C>T	p.T599I	III												colon	0
BRAF	ENST00000288602	c.1574T>C	p.L525P	III												colon	0
BRAF	ENST00000288602	c.913G>T	p.A305S	III												colon	0
BRAF	ENST00000288602	c.1074G>C	p.G358=	III												colon	0
BRAF	ENST00000288602	c.547A>G	p.K183E	III												colon	0
BRAF	ENST00000288602	c.784C>G	p.Q262E	III												colon	0
BRAF	ENST00000288602	c.1798_1809del	p.V600_R603del	III												colon	0
BRAF	ENST00000288602	c.1397G>C	p.G466A	III												colon	0
BRAF	ENST00000288602	c.529G>T	p.V177F	III												colon	0
BRAF	ENST00000288602	c.224C>T	p.P75L	III												colon	0
BRAF	ENST00000288602	c.1794T>A	p.A598=	III												colon	0
BRAF	ENST00000288602	c.861-1G>A	p.X287_splice	III												colon	0
BRAF	ENST00000288602	c.963C>A	p.P321=	III												colon	0
BRAF	ENST00000288602	c.1100C>G	p.P367R	III												colon	0
BRAF	ENST00000288602	c.1783T>C	p.F595L	III												colon	0
BRAF	ENST00000288602	c.329C>T	p.S110F	III												colon	0
BRAF	ENST00000288602	c.1786G>A	p.G596S	III												colon	0
BRAF	ENST00000288602	c.1448A>C	p.K483T	III												colon	0
BRAF	ENST00000288602	c.613A>C	p.K205Q	III												colon	0
BRAF	ENST00000288602	c.1699T>C	p.L567=	III												colon	0
BRAF	ENST00000288602	c.1909T>C	p.S637P	III												colon	0
BRAF	ENST00000288602	c.1694+1G>A	p.X565_splice	III												colon	0
BRAF	ENST00000288602	c.1694+1G>T	p.X565_splice	III												colon	0
BRAF	ENST00000288602	c.1797A>C	p.T599=	III												colon	0
BRAF	ENST00000288602	c.1509_1517dup	p.V504_R506dup	III												colon	0
BRAF	ENST00000288602	c.702A>T	p.T234=	III												colon	0
BRAF	ENST00000288602	c.505-1G>A	p.X169_splice	III												colon	0
BRAF	ENST00000288602	c.2193C>T	p.P731=	III												colon	0
BRAF	ENST00000288602	c.981-1G>T	p.X327_splice	III												colon	0
BRAF	ENST00000288602	c.1385G>A	p.R462K	III												colon	0
BRAF	ENST00000288602	c.1936C>A	p.L646M	III												colon	0
BRAF	ENST00000288602	c.777C>G	p.F259L	III												colon	0
BRAF	ENST00000288602	c.*100T>C	*34*	III												colon	0
BRAF	ENST00000288602	c.1463_1477del	p.T488_Q493delinsK	III												colon	0
BRAF	ENST00000288602	c.504+3G>T	p.X168_splice	III												colon	0
BRAF	ENST00000288602	c.1741A>C	p.N581H	III												colon	0
BRAF	ENST00000288602	c.1802A>T	p.K601I	III												colon	0
BRAF	ENST00000288602	c.1089C>T	p.S363=	III												colon	0
BRAF	ENST00000288602	c.1080A>G	p.R360=	III												colon	0
BRAF	ENST00000288602	c.1391G>A	p.G464E	III												colon	0
BRAF	ENST00000288602	c.1839G>T	p.L613F	III												colon	0
BRAF	ENST00000288602	c.1713A>G	p.S571=	III												colon	0
BRAF	ENST00000288602	c.1861-61G>C	*621*	III												colon	0
BRAF	ENST00000288602	c.2134G>A	p.A712T	III												colon	0
BRAF	ENST00000288602	c.2223G>T	p.E741D	III												colon	0
BRAF	ENST00000288602	c.1518-106del	*506*	III												colon	0
BRAF	ENST00000288602	c.136G>A	p.E46K	III												colon	0
BRAF	ENST00000288602	c.1799_1801del	p.V600_K601delinsE	III												colon	0
BRAF	ENST00000288602	c.1742A>T	p.N581I	III												colon	0
BRAF	ENST00000288602	c.502G>T	p.V168L	III												colon	0
BRAF	ENST00000288602	c.1795_1797dup	p.T599dup	III												colon	0
BRAF	ENST00000288602	c.1988A>C	p.D663A	III												colon	0
BRAF	ENST00000288602	c.1800G>A	p.V600=	III												colon	0
BRAF	ENST00000288602	c.338G>T	p.S113I	III												colon	0
